670,0.0177848
672.8,0.0371331
675.6,0.0465144
678.4,0.0780022
681.2,0
684,0.182678
686.8,0.260202
689.6,0.112199
692.4,0.481954
695.2,0.258629
698,0.770929
700.8,0.325271
703.6,0.36365
706.4,0.614901
709.2,0.231708
712,0.310889
714.8,0.0387206
717.6,0.135292
720.4,0.202374
723.2,0.325082
726,0.222739
728.8,0.219519
731.6,0.232777
734.4,0.00689339
737.2,0.00799633
740,0
742.8,0.296275
745.6,0.290036
748.4,0.295928
751.2,0.280834
754,0.298793
756.8,0.33673
759.6,0.287785
762.4,0.178173
765.2,0.0130059
768,0
770.8,0.0196246
773.6,0.309727
776.4,0.109489
779.2,0.112268
782,0.111333
784.8,0.284222
787.6,0.188252
790.4,0.0637746
793.2,0.410574
796,0.0550341
798.8,1.10397
801.6,0.0629028
804.4,0.436457
807.2,0.0955036
810,0.261399
812.8,0.335128
815.6,0
818.4,0.0175927
821.2,0.291545
824,0.192047
826.8,0.0614171
829.6,0.235121
832.4,0.0275
835.2,0.0547438
838,0.0522147
840.8,0.692352
843.6,0.299123
846.4,0.0350409
849.2,0.833222
852,1.34222
854.8,0.025296
857.6,0.220739
860.4,0.240553
863.2,0.574296
866,0.0718051
868.8,0.0930097
871.6,0
874.4,0.0156441
877.2,0.728596
880,0.213264
882.8,0.1978
885.6,0.0751623
888.4,0.100088
891.2,0.009375
894,0.0378635
896.8,0.280973
899.6,0.772497
902.4,0.740121
905.2,0.264796
908,0.0803207
910.8,0.153532
913.6,0.198865
916.4,0.0698548
919.2,0.0464481
922,0.0636526
924.8,0.0225147
927.6,0.367449
930.4,0.18563
933.2,0.0531899
936,0.0824499
938.8,0.247225
941.6,0
944.4,0.224765
947.2,0.112791
950,0.100263
952.8,0.266766
955.6,0.188824
958.4,0
961.2,0
964,0.367862
966.8,0.15927
969.6,0.0305648
972.4,0.0109325
975.2,0.0151025
978,0.194396
980.8,0.62889
983.6,0.395347
986.4,0.179088
989.2,0.664419
992,0.0757341
994.8,0.0616214
997.6,0.0980584
1000.4,0.519945
1003.2,0.265319
1006,0.382372
1008.8,0.170597
1011.6,0.31615
1014.4,0.216011
1017.2,0.206703
1020,0.242669
1022.8,0.477567
1025.6,0.0786139
1028.4,0.670676
1031.2,0.452463
1034,0.283117
1036.8,0.377611
1039.6,0.227743
1042.4,0.422029
1045.2,0.24427
1048,0.466251
1050.8,0.389227
1053.6,0.0307132
1056.4,0
1059.2,0.116808
1062,0.140083
1064.8,0.145746
1067.6,0.150017
1070.4,0.288338
1073.2,0.173892
1076,0.545407
1078.8,0.673609
1081.6,0.422216
1084.4,0.477569
1087.2,0.449252
1090,0
1092.8,0.0304452
1095.6,0.0115294
1098.4,0.0629602
1101.2,0.431111
1104,0.5687
1106.8,0.726423
1109.6,0.202604
1112.4,0.301044
1115.2,0.0206059
1118,0.485663
1120.8,0.329282
1123.6,0.142821
1126.4,0
1129.2,0.0641384
1132,0.168763
1134.8,0.276056
1137.6,0.0702391
1140.4,0.135694
1143.2,0.112909
1146,0.137628
1148.8,0.140649
1151.6,0.318298
1154.4,0.19331
1157.2,0
1160,0.0294117
1162.8,0.324781
1165.6,0.0150961
1168.4,0.146407
1171.2,0.218174
1174,0.290369
1176.8,0.535721
1179.6,0.0926923
1182.4,0.120133
1185.2,0.289767
1188,0.160772
1190.8,0.137129
1193.6,0.0423883
1196.4,0.0150164
1199.2,0
1202,0
1204.8,0.0793249
1207.6,0.041034
1210.4,0
1213.2,0.108735
1216,0.423263
1218.8,0.0524365
1221.6,0.0432929
1224.4,0.462797
1227.2,0.23718
1230,0.0432486
1232.8,0
1235.6,0.254731
1238.4,0.880928
1241.2,0.429038
1244,0.210757
1246.8,0.145299
1249.6,0.197768
1252.4,0.221751
1255.2,0.0608523
1258,0.00133272
1260.8,0.26478
1263.6,0.642482
1266.4,0.651507
1269.2,0.53234
1272,0.00624314
1274.8,0.003
1277.6,0.239077
1280.4,0.473603
1283.2,0.553562
1286,0.12896
1288.8,0.356647
1291.6,0.632821
1294.4,0.403604
1297.2,0.297623
1300,0
1302.8,0.278983
1305.6,0.540074
1308.4,0.289541
1311.2,0.394566
1314,0.0250863
1316.8,0.00649153
1319.6,0
1322.4,0.469609
1325.2,0.571105
1328,0.22543
1330.8,0.139023
1333.6,0.030239
1336.4,0.0052838
1339.2,0.0687344
1342,0.142588
1344.8,0.228834
1347.6,0.157157
1350.4,0.0111397
1353.2,0.430304
1356,0.193723
1358.8,0
1361.6,0.224485
1364.4,0.469148
1367.2,0.0928469
1370,0
1372.8,0
1375.6,0.109104
1378.4,0.322787
1381.2,0
1384,0.271324
1386.8,0.185103
1389.6,0.179926
1392.4,0.0987262
1395.2,0.231116
1398,0.055153
1400.8,0.125399
1403.6,0.00030882
1406.4,0.324084
1409.2,0.006
1412,0.558625
1414.8,0.00115152
1417.6,0
1420.4,0
1423.2,0
1426,0.0887095
1428.8,0.362106
1431.6,0.0169493
1434.4,0.871119
1437.2,0.521227
1440,0.238827
1442.8,0.498409
1445.6,0.52815
1448.4,0
1451.2,0
1454,0
1456.8,0.500213
1459.6,0.488467
1462.4,0
1465.2,0.00043015
1468,0.0700257
1470.8,0.11954
1473.6,0.200398
1476.4,0.0470313
1479.2,0.0888662
1482,0.614397
1484.8,0.114784
1487.6,0.199524
1490.4,0
1493.2,0
1496,0
1498.8,0.00336489
1501.6,0.0888634
1504.4,0
1507.2,0
1510,0
1512.8,0
1515.6,0
1518.4,0.0369573
1521.2,0.0511062
1524,0.0569137
1526.8,0.142231
1529.6,0.030832
1532.4,0
1535.2,0.0506461
1538,0.00720834
1540.8,0.0350554
1543.6,0
1546.4,0
1549.2,0
1552,0.0347116
1554.8,0.00121818
1557.6,0.158433
1560.4,0.0995637
1563.2,0.0308877
1566,0
1568.8,0.0921073
1571.6,0.227851
1574.4,0.135724
1577.2,0.728787
1580,0.121029
1582.8,0
1585.6,0
1588.4,0
1591.2,0.0329428
1594,0.19857
1596.8,0.175305
1599.6,0.320786
1602.4,0.48997
1605.2,0.300357
1608,0.208449
1610.8,0.25455
1613.6,0.12036
1616.4,0.73572
1619.2,0.0826009
1622,0.0624816
1624.8,0.569701
1627.6,0.462581
1630.4,0.113406
1633.2,0.192396
1636,0.0462996
1638.8,0
1641.6,0.00975949
1644.4,0.243607
1647.2,0.0897434
1650,0.273877
1652.8,0.751355
1655.6,0.738771
1658.4,0.737731
1661.2,0.970019
1664,0.663794
1666.8,0.548431
1669.6,0.91219
1672.4,0.371916
1675.2,0.514656
1678,0.302172
1680.8,0.116404
1683.6,0
1686.4,0
1689.2,0
1692,0.10381
1694.8,0.425477
1697.6,0.0677956
1700.4,0.565928
1703.2,0.929993
1706,0.122962
1708.8,0.0288727
1711.6,0.217593
1714.4,0.165285
1717.2,0.327652
1720,0.295073
1722.8,0.0761207
1725.6,0
1728.4,0
1731.2,0.659385
1734,0.390301
1736.8,0.144306
1739.6,0.207914
1742.4,0.509611
1745.2,0.614132
1748,0.130858
1750.8,0.15429
1753.6,0.252212
1756.4,0.217335
1759.2,0.2365
1762,0.257169
1764.8,0
1767.6,0.0393588
1770.4,0.232194
1773.2,0.0758414
1776,0.424878
1778.8,0.195856
1781.6,0.200659
1784.4,0.581049
1787.2,0.00061765
1790,0.645807
1792.8,1.47714
1795.6,1.31922
1798.4,0.221995
1801.2,0.0977174
1804,0.317637
1806.8,0.435263
1809.6,0.502567
1812.4,0.121076
1815.2,0.0802203
1818,0.0209504
1820.8,0
1823.6,0.171772
1826.4,0.0798466
1829.2,0.00294117
1832,0.163221
1834.8,0.167543
1837.6,1.11186
1840.4,0.819014
1843.2,0.0496296
1846,0.791129
1848.8,1.31546
1851.6,0.521635
1854.4,0.0408651
1857.2,0.328451
1860,0.306367
1862.8,0.138884
1865.6,0.356232
1868.4,0.106141
1871.2,0.0987858
1874,0.257528
1876.8,0.114508
1879.6,0
1882.4,0.296601
1885.2,0.214246
1888,0.556634
1890.8,0
1893.6,0.229838
1896.4,0.14613
1899.2,0.0691614
1902,0.746559
1904.8,0.303511
1907.6,0.748333
1910.4,0.115127
1913.2,0.55014
1916,0.419513
1918.8,0.399799
1921.6,0.0787688
1924.4,0.0367099
1927.2,0.059375
1930,0.118567
1932.8,0.0751514
1935.6,0.0768299
1938.4,0
1941.2,0.644523
1944,0.525878
1946.8,0
1949.6,0
1952.4,0.039044
1955.2,0.0419061
1958,0.0976533
1960.8,0.0366783
1963.6,0.186461
1966.4,0.0333412
1969.2,0.772546
1972,0.627165
1974.8,0.0745187
1977.6,1.02442
1980.4,0.850089
1983.2,0.29838
1986,0.555606
1988.8,0.0601813
1991.6,0.155634
1994.4,0
1997.2,0
2000,0.0618345
2002.8,0.0445366
2005.6,0.0857475
2008.4,0.0965113
2011.2,0.0121231
2014,0.52045
2016.8,0.53168
2019.6,0.133528
2022.4,0.0192857
2025.2,0.334294
2028,0.631622
2030.8,0.434257
2033.6,0.511928
2036.4,0.287089
2039.2,0.0980132
2042,0.100944
2044.8,0.0297844
2047.6,0
2050.4,0
2053.2,0
2056,0
2058.8,0.121212
2061.6,0.285244
2064.4,1.12618
2067.2,0.51163
2070,0.158292
2072.8,0.592982
2075.6,0.0844182
2078.4,0.439658
2081.2,0.0653676
2084,0
2086.8,0.229158
2089.6,0.169903
2092.4,0.365191
2095.2,0.248162
2098,0.149637
2100.8,0.0557876
2103.6,0.0471269
2106.4,0.371982
2109.2,0.126932
2112,0.00113636
2114.8,0.330694
2117.6,0.247501
2120.4,0.306328
2123.2,0.103309
2126,0.00265151
2128.8,0.626323
2131.6,0.527336
2134.4,0.0158406
2137.2,0.0105375
2140,0.12297
2142.8,0.00382647
2145.6,0
2148.4,0.158083
2151.2,0.0897733
2154,0
2156.8,0.0382721
2159.6,0.185547
2162.4,1.04172
2165.2,0.461512
2168,0.614788
2170.8,0.54257
2173.6,0.274869
2176.4,0.427166
2179.2,0.00066177
2182,0
2184.8,0
2187.6,0.02875
2190.4,0.164461
2193.2,0.0412412
2196,0.600362
2198.8,0.600851
2201.6,0.766153
2204.4,0.766017
2207.2,0.01
2210,0.369615
2212.8,0.00442307
2215.6,0.0019375
2218.4,0.408812
2221.2,0.522536
2224,0.335062
2226.8,0
2229.6,0.101106
2232.4,0.498125
2235.2,0.5
2238,0.5
2240.8,0.49475
2243.6,0.068125
2246.4,0
2249.2,0.341464
2252,0.526286
2254.8,0.476173
2257.6,0.0969583
2260.4,0.883773
2263.2,0.732718
2266,0.826733
2268.8,0.908903
2271.6,0.725132
2274.4,0.0515625
2277.2,0.0084375
2280,0
2282.8,0
2285.6,0.0438718
2288.4,0.82509
2291.2,0.015
2294,0.658648
2296.8,0.511351
2299.6,0.24894
2302.4,0.654886
2305.2,0.708908
2308,0.332517
2310.8,0
2313.6,0
2316.4,0
2319.2,0.00875962
2322,0.343957
2324.8,0.00322312
2327.6,0.003375
2330.4,0.171202
2333.2,0.0747448
2336,0
2338.8,0.4675
2341.6,0.850869
2344.4,0.42866
2347.2,0.655736
2350,0.138281
2352.8,0.0928125
2355.6,0
2358.4,0
2361.2,0.145625
2364,0.0851963
2366.8,0
2369.6,0
2372.4,0
2375.2,0
2378,0.124125
2380.8,0.478813
2383.6,0.5
2386.4,0.5
2389.2,0.5
2392,0.5
2394.8,0.498781
2397.6,0.107344
2400.4,0.231538
2403.2,0.609323
2406,0.694311
2408.8,0.443833
2411.6,0.026705
2414.4,0
2417.2,0
2420,0
2422.8,0.391846
2425.6,0.737316
2428.4,0.0565476
2431.2,0.373024
2434,0.0722756
2436.8,0
2439.6,0
2442.4,0
2445.2,0.0464687
2448,0.513169
2450.8,0.202672
2453.6,0.573668
2456.4,0.0310112
2459.2,0.0517516
2462,0.289662
2464.8,0.25
2467.6,0.0776442
2470.4,0
2473.2,0
2476,0
2478.8,0.0320217
2481.6,0.106252
2484.4,0.0945419
2487.2,0
2490,0
2492.8,0.00365625
2495.6,0.0892453
2498.4,0.397177
2501.2,0.347772
2504,0.0554688
2506.8,0.14542
2509.6,0.02671
2512.4,0.089705
2515.2,0.115547
2518,0.281635
2520.8,0.506812
2523.6,0.362419
2526.4,0.0861512
2529.2,0.286352
2532,0.457805
2534.8,0.931905
2537.6,0.639813
2540.4,0.341436
2543.2,0.119918
2546,0.0273906
2548.8,0.271935
2551.6,0.107756
2554.4,0
2557.2,0.431948
2560,0.165433
2562.8,0.77362
2565.6,0.669727
2568.4,0.295023
2571.2,0.401424
2574,0
2576.8,0.167912
2579.6,0.452085
2582.4,0.03764
2585.2,0.712588
2588,0.671342
2590.8,0.575707
2593.6,0.516768
2596.4,0.220748
2599.2,0.135997
2602,0.433125
2604.8,0.201375
2607.6,0.0814647
2610.4,0.136393
2613.2,0.237972
2616,0.0566094
2618.8,0.172749
2621.6,0.681791
2624.4,0.0449884
2627.2,1.04133
2630,0.497972
2632.8,0.26165
2635.6,0.112578
2638.4,0.17795
2641.2,0.845407
2644,0.699111
2646.8,0.19021
2649.6,0.107946
2652.4,0.0702923
2655.2,0.239015
2658,0.0890144
2660.8,0.0580216
2663.6,0.0351082
2666.4,0.0337524
2669.2,0
2672,0.09375
2674.8,0.133706
2677.6,0.112514
2680.4,0.490668
2683.2,0.892581
2686,0.216875
2688.8,0.790826
2691.6,0.274815
2694.4,0.467723
2697.2,0.132996
2700,0.0846094
2702.8,0.283091
2705.6,0.118622
2708.4,0.0880079
2711.2,0.460535
2714,0.827609
2716.8,0.458955
2719.6,0.169061
2722.4,0.12475
2725.2,0.351737
2728,0.129526
2730.8,0.0247596
2733.6,0.0957933
2736.4,0.064092
2739.2,0
2742,0.302573
2744.8,0.575935
2747.6,0.258438
2750.4,0.004675
2753.2,0.331654
2756,0.35263
2758.8,0.577888
2761.6,0.0688744
2764.4,0.41768
2767.2,0.18987
2770,0.729114
2772.8,0.344314
2775.6,0.0929186
2778.4,0.0670039
2781.2,0.00814102
2784,0.129455
2786.8,0
2789.6,0.01404
2792.4,0.202888
2795.2,0.116566
2798,0.195745
2800.8,0.851632
2803.6,0.823505
2806.4,0.744628
2809.2,0.368983
2812,0.557384
2814.8,0.435531
2817.6,0.513817
2820.4,0.962471
2823.2,1.02519
2826,0.208177
2828.8,0.000625
2831.6,0
2834.4,0
2837.2,0.0408187
2840,0.131428
2842.8,0.0247392
2845.6,0.54163
2848.4,0.408404
2851.2,0.0656803
2854,0.64304
2856.8,0.332696
2859.6,0.167855
2862.4,0.002
2865.2,0.131687
2868,0.429187
2870.8,0.0460865
2873.6,0.242802
2876.4,0.498835
2879.2,0.5
2882,0.203546
2884.8,0.000875
2887.6,0
2890.4,0
2893.2,0.133346
2896,0.513719
2898.8,0.194354
2901.6,0.0642607
2904.4,0.128409
2907.2,0.181005
2910,0.344099
2912.8,0.301693
2915.6,0.143926
2918.4,0.0880496
2921.2,0
2924,0.05125
2926.8,0.606
2929.6,0.310444
2932.4,0.243456
2935.2,0.505535
2938,1.331
2940.8,0.870129
2943.6,0.666172
2946.4,0.616896
2949.2,0.232024
2952,0.358492
2954.8,0.442971
2957.6,0.23636
2960.4,0.186137
2963.2,0.834767
2966,0.759966
2968.8,0.099888
2971.6,0.0977344
2974.4,0.003375
2977.2,0.0232884
2980,0.0339423
2982.8,0.177704
2985.6,0.406594
2988.4,0.550402
2991.2,0.363448
2994,0.873874
2996.8,1.3697
2999.6,0.448554
3002.4,0.233262
3005.2,0.86077
3008,0.747655
3010.8,0.380297
3013.6,0.44191
3016.4,0.220712
3019.2,0.145181
3022,0.797255
3024.8,0.257516
3027.6,0.0540445
3030.4,0.135937
3033.2,0.351663
3036,0.339375
3038.8,0.377758
3041.6,0.291503
3044.4,0.21083
3047.2,0.15416
3050,0.0868604
3052.8,0.727099
3055.6,0.110812
3058.4,0.69843
3061.2,0.818692
3064,0.247634
3066.8,0.259412
3069.6,0.234754
3072.4,0.00225961
3075.2,0.171928
3078,0.451926
3080.8,0.0944291
3083.6,0
3086.4,0.197834
3089.2,0.0669368
3092,0.0953826
3094.8,0.0522404
3097.6,0.146926
3100.4,0.0325787
3103.2,0.210377
3106,0.0153125
3108.8,0.481869
3111.6,0.0889902
3114.4,0
3117.2,0.0972656
3120,0.0402344
3122.8,0.23758
3125.6,0.0284155
3128.4,0.217187
3131.2,0.233005
3134,0.0129707
3136.8,0.11848
3139.6,0.342511
3142.4,0.441901
3145.2,0.584144
3148,0.51682
3150.8,0.262264
3153.6,0.661094
3156.4,0.890625
3159.2,0.454062
3162,0.179688
3164.8,0.295565
3167.6,0.261636
3170.4,0.391861
3173.2,0.211746
3176,0.145983
3178.8,0.635109
3181.6,0.596601
3184.4,0.0438625
3187.2,0.646045
3190,0.580645
3192.8,0.249592
3195.6,0.0663975
3198.4,0.21407
3201.2,0.455533
3204,0.0912123
3206.8,0.543253
3209.6,0.866773
3212.4,0.16504
3215.2,0.265387
3218,0.798175
3220.8,0.414444
3223.6,0.312713
3226.4,0.170805
3229.2,0.42712
3232,0.423199
3234.8,0.379102
3237.6,0.398296
3240.4,0.366825
3243.2,0.624181
3246,0.794
3248.8,0.004875
3251.6,0
3254.4,0.104203
3257.2,0.604919
3260,0.151493
3262.8,0.00511859
3265.6,0.0347481
3268.4,0.0274038
3271.2,0.0569531
3274,0.0401922
3276.8,0.782622
3279.6,0.715782
3282.4,0.838936
3285.2,0.246241
3288,0.0855601
3290.8,0.216655
3293.6,0.0145
3296.4,0
3299.2,0.044521
3302,0.115352
3304.8,0
3307.6,0
3310.4,0
3313.2,0.0861347
3316,0.248467
3318.8,0.88839
3321.6,0.336859
3324.4,0.139135
3327.2,0.0815913
3330,0
3332.8,0
3335.6,0
3338.4,0.210264
3341.2,0.128731
3344,0.00296474
3346.8,0.166306
3349.6,0.0695179
3352.4,0.00732375
3355.2,0
3358,0.0289063
3360.8,0.0360757
3363.6,0.0496484
3366.4,0.149641
3369.2,0.598588
3372,0.246142
3374.8,0.251391
3377.6,0.170103
3380.4,0.00547019
3383.2,0.159176
3386,0.217486
3388.8,0.0113475
3391.6,0.13542
3394.4,0.131803
3397.2,0.00938461
3400,0.732259
3402.8,0.170894
3405.6,0.0980376
3408.4,0.27639
3411.2,0.0347734
3414,1.52417
3416.8,1.84454
3419.6,2.51171
3422.4,3.31013
3425.2,4.08449
3428,2.24245
3430.8,0.953601
3433.6,0.111302
3436.4,0.290265
3439.2,0.216363
3442,0.341924
3444.8,0.307489
3447.6,0.105298
3450.4,0.14924
3453.2,0.0432755
3456,0
3458.8,0.131542
3461.6,0.0884464
3464.4,0.0827882
3467.2,0.617345
3470,0.4174
3472.8,0.265753
3475.6,0.0531916
3478.4,0.00296875
3481.2,0.220453
3484,0.247695
3486.8,0.163408
3489.6,0.00192308
3492.4,0
3495.2,0.125376
3498,0.230937
3500.8,0.9965
3503.6,0.801422
3506.4,0.252353
3509.2,0.0867442
3512,0.00046875
3514.8,0.111058
3517.6,0.0193144
3520.4,0.103499
3523.2,0.0871736
3526,0
3528.8,0.0362188
3531.6,0.0733611
3534.4,0.0932658
3537.2,0
3540,0.180721
3542.8,0.132382
3545.6,0
3548.4,0.562492
3551.2,2.32259
3554,0.864897
3556.8,0.198798
3559.6,0.105508
3562.4,0.0125
3565.2,0.236797
3568,0
3570.8,0
3573.6,0.102264
3576.4,0.19573
3579.2,0.103266
3582,0.256247
3584.8,0.597972
3587.6,0.978833
3590.4,0.554883
3593.2,2.18
3596,1.50031
3598.8,0.0509499
3601.6,0.0188406
3604.4,0.607873
3607.2,0.941938
3610,1.12114
3612.8,1.77258
3615.6,3.19491
3618.4,2.17778
3621.2,0.558754
3624,0.0704539
3626.8,0.069887
3629.6,0.0273509
3632.4,0.027976
3635.2,0
3638,0
3640.8,0.478542
3643.6,0
3646.4,0.0299684
3649.2,0.126274
3652,0.0778189
3654.8,0.00815625
3657.6,1.20751
3660.4,0.39212
3663.2,0.138425
3666,0.00046875
3668.8,0
3671.6,0.0179675
3674.4,0.0353546
3677.2,0.0379134
3680,0.0308053
3682.8,0.0219863
3685.6,0.0758461
3688.4,0
3691.2,0
3694,0.0529367
3696.8,0.0328463
3699.6,0.0774621
3702.4,0.00164844
3705.2,0
3708,0.0244647
3710.8,0.209258
3713.6,0.157164
3716.4,0.185173
3719.2,0.11539
3722,0.413281
3724.8,0
3727.6,0.118893
3730.4,0.29764
3733.2,0.0199313
3736,0.0913732
3738.8,0.175402
3741.6,0.088697
3744.4,0.0472971
3747.2,0.0385281
3750,0.0593185
3752.8,0.142149
3755.6,0
3758.4,0
3761.2,0.292697
3764,1.59229
3766.8,0.118079
3769.6,0.323708
3772.4,2.57754
3775.2,2.30359
3778,0.624143
3780.8,0.0773172
3783.6,1.02379
3786.4,1.69124
3789.2,2.38641
3792,0.740468
3794.8,0.528028
3797.6,0.463541
3800.4,0.153395
3803.2,0
3806,0.0818298
3808.8,0.152445
3811.6,0.0699564
3814.4,0.505109
3817.2,0.30274
3820,0.311945
3822.8,0.924644
3825.6,2.57502
3828.4,1.01808
3831.2,0.10276
3834,0
3836.8,0.0857756
3839.6,2.17594
3842.4,0.297083
3845.2,0.0281325
3848,0.0796875
3850.8,0.703849
3853.6,0.186663
3856.4,0.109283
3859.2,0.0326652
3862,0
3864.8,0
3867.6,0
3870.4,0.0850371
3873.2,0.0920604
3876,0.608594
3878.8,0.0271875
3881.6,0.563438
3884.4,0.197091
3887.2,0.0111563
3890,0.0385313
3892.8,0.240194
3895.6,0.248984
3898.4,0.0450781
3901.2,0
3904,0
3906.8,0
3909.6,0.0773327
3912.4,0.0011875
3915.2,0.290564
3918,0.00216346
3920.8,0.0830383
3923.6,0.0110025
3926.4,0
3929.2,0.0752812
3932,0.00195312
3934.8,0
3937.6,0.067645
3940.4,0.137275
3943.2,0.0258089
3946,0.103745
3948.8,0.149108
3951.6,1.74636
3954.4,1.56742
3957.2,0.541686
3960,0.519706
3962.8,2.00777
3965.6,1.99845
3968.4,0.0525015
3971.2,0.015595
3974,0.258055
3976.8,0.126873
3979.6,0
3982.4,0.0519329
3985.2,0.0436984
3988,0.37322
3990.8,1.8325
3993.6,0.168943
3996.4,0.00690625
3999.2,0.511811
4002,1.51281
4004.8,0.0456088
4007.6,0
4010.4,0.0828598
4013.2,0.39143
4016,1.13773
4018.8,1.39477
4021.6,0.835181
4024.4,0
4027.2,0
4030,0.0796307
4032.8,0.0579619
4035.6,0
4038.4,0
4041.2,0
4044,0
4046.8,0.00627101
4049.6,0.0548094
4052.4,0.0214236
4055.2,0.475977
4058,0.355446
4060.8,0.494859
4063.6,1.05621
4066.4,0.0167855
4069.2,0
4072,0
4074.8,0.0061375
4077.6,0.0321046
4080.4,0
4083.2,0
4086,0
4088.8,0
4091.6,0
4094.4,0
4097.2,0
4100,0
4102.8,0
4105.6,0
4108.4,0
4111.2,0.0277698
4114,0.00461648
4116.8,0
4119.6,0.0119324
4122.4,0
4125.2,0
4128,0
4130.8,0
4133.6,0
4136.4,0
4139.2,0
4142,0
4144.8,0
4147.6,0.0148619
4150.4,1.17231
4153.2,0.0906787
4156,0
4158.8,0.0439431
4161.6,0.0409546
4164.4,0.25968
4167.2,1.25548
4170,0.454408
4172.8,0
4175.6,0.0116586
4178.4,0.382631
4181.2,0.0189015
4184,0.111889
4186.8,0
4189.6,0.0003125
4192.4,0.139737
4195.2,0.1532
4198,0.602159
4200.8,0.148878
4203.6,0.090228
4206.4,0.00078125
4209.2,0
4212,0
4214.8,0.0705979
4217.6,0
4220.4,0
4223.2,0
4226,0
4228.8,0
4231.6,0
4234.4,0
4237.2,0.0791476
4240,0
4242.8,0
4245.6,0
4248.4,0
4251.2,0
4254,0.0331322
4256.8,0.00387785
4259.6,0
4262.4,0
4265.2,0.010529
4268,0.0984674
4270.8,0.0075625
4273.6,0.0274006
4276.4,0.0178409
4279.2,0.130092
4282,0
4284.8,0.169606
4287.6,0.224521
4290.4,0.144909
4293.2,0.00313182
4296,0.0477678
4298.8,0.178701
4301.6,0.0109892
4304.4,0.00064773
4307.2,0.078009
4310,0.00029545
4312.8,0.107586
4315.6,0.323331
4318.4,0.090271
4321.2,0
4324,0
4326.8,0
4329.6,0
4332.4,0
4335.2,0
4338,0.348296
4340.8,2.04653
4343.6,0.216112
4346.4,0
4349.2,0.928131
4352,2.59764
4354.8,0.193601
4357.6,0
4360.4,0.685371
4363.2,1.54761
4366,0.0227273
4368.8,0
4371.6,0
4374.4,0
4377.2,0
4380,0
4382.8,0.00113693
4385.6,0.578156
4388.4,1.62939
4391.2,0.30577
4394,0.00263494
4396.8,0
4399.6,0.11596
4402.4,2.08179
4405.2,1.08679
4408,0.106983
4410.8,0.179898
4413.6,0.635397
4416.4,0.0649931
4419.2,0.025071
4422,0.107263
4424.8,0
4427.6,0
4430.4,0
4433.2,0
4436,0
4438.8,0
4441.6,0
4444.4,0.0266387
4447.2,0
4450,0.0458807
4452.8,0.00030398
4455.6,0
4458.4,0
4461.2,0.00121221
4464,0.0920085
4466.8,0.00017614
4469.6,0
4472.4,0
4475.2,0
4478,0
4480.8,0.0147457
4483.6,0.00047727
4486.4,0.0426023
4489.2,0
4492,0
4494.8,0
4497.6,0
4500.4,0
4503.2,0.0352841
4506,1.66313
4508.8,0.845042
4511.6,0.0288216
4514.4,1.33042
4517.2,1.36257
4520,0.0305113
4522.8,0
4525.6,0
4528.4,0
4531.2,0
4534,0
4536.8,0
4539.6,0
4542.4,0.0373796
4545.2,0.0287216
4548,0.665209
4550.8,2.1471
4553.6,0.49084
4556.4,0.00596513
4559.2,0.552881
4562,1.48971
4564.8,0.221277
4567.6,0.0276369
4570.4,0.00642637
4573.2,0
4576,7.67E-05
4578.8,0.0463792
4581.6,0
4584.4,0
4587.2,0
4590,0
4592.8,0.215916
4595.6,0.0861295
4598.4,0.362851
4601.2,0.0056375
4604,0.326466
4606.8,0.155805
4609.6,0
4612.4,0.0344637
4615.2,0.011925
4618,0
4620.8,0
4623.6,0
4626.4,0
4629.2,0
4632,0
4634.8,0.024027
4637.6,0.113265
4640.4,0
4643.2,0
4646,0
4648.8,0
4651.6,0
4654.4,0.021946
4657.2,1.59993
4660,0.910403
4662.8,0.0367046
4665.6,1.50118
4668.4,1.01166
4671.2,0.174354
4674,0
4676.8,0.381574
4679.6,0.0549221
4682.4,0.00631391
4685.2,0.066591
4688,0
4690.8,0.213069
4693.6,0.00362216
4696.4,0.946192
4699.2,1.62705
4702,0.020679
4704.8,1.44391
4707.6,1.60017
4710.4,0.0697445
4713.2,0.29961
4716,0.0892045
4718.8,0.121539
4721.6,0
4724.4,0.00814033
4727.2,0.0680332
4730,0
4732.8,0
4735.6,0
4738.4,0.0430144
4741.2,0.00144318
4744,1.14803
4746.8,1.16075
4749.6,0
4752.4,0.0270452
4755.2,0.14441
4758,0.107883
4760.8,0
4763.6,0.00242898
4766.4,0.151164
4769.2,0
4772,0
4774.8,0
4777.6,0
4780.4,0
4783.2,0
4786,0
4788.8,0
4791.6,0
4794.4,0
4797.2,0
4800,0
4802.8,0
4805.6,0.00077273
4808.4,0.162341
4811.2,0.00272727
4814,0
4816.8,0
4819.6,0
4822.4,0
4825.2,0
4828,0
4830.8,0.00119829
4833.6,0.0840444
4836.4,0.00915569
4839.2,0
4842,0.0169745
4844.8,0.015412
4847.6,0
4850.4,0.00269545
4853.2,0.0174341
4856,0
4858.8,0
4861.6,0
4864.4,0
4867.2,0
4870,0
4872.8,0
4875.6,0
4878.4,0.162767
4881.2,1.29135
4884,0.233008
4886.8,0.0655448
4889.6,0.543657
4892.4,0.0932437
4895.2,0
4898,0
4900.8,0
4903.6,0
4906.4,0
4909.2,0
4912,0
4914.8,0
4917.6,0
4920.4,0
4923.2,0
4926,0
4928.8,0
4931.6,0
4934.4,0
4937.2,0.0991172
4940,0.00417329
4942.8,0
4945.6,0.0359205
4948.4,0.00021591
4951.2,0
4954,0
4956.8,0
4959.6,0
4962.4,0
4965.2,0
4968,0
4970.8,0
4973.6,0
4976.4,0
4979.2,0
4982,0
4984.8,0
4987.6,0
4990.4,0
4993.2,0
4996,0
4998.8,0
5001.6,0
5004.4,0
5007.2,0
5010,0
5012.8,0
5015.6,0
5018.4,0
5021.2,0
5024,0
5026.8,0
5029.6,0
5032.4,0
5035.2,0
5038,0.0440364
5040.8,0.0116709
5043.6,0
5046.4,0.0118412
5049.2,0.189289
5052,0.0642499
5054.8,0
5057.6,0
5060.4,0
5063.2,0
5066,0
5068.8,0
5071.6,0
5074.4,0
5077.2,0
5080,0
5082.8,0
5085.6,0.137083
5088.4,1.85186
5091.2,1.24974
5094,0.16733
5096.8,0.0272404
5099.6,0.881954
5102.4,0.26142
5105.2,0.00057614
5108,0
5110.8,0
5113.6,0
5116.4,0
5119.2,0
5122,0
5124.8,0.00038352
5127.6,0.758433
5130.4,0.687236
5133.2,0.0352396
5136,1.07203
5138.8,2.48745
5141.6,1.38731
5144.4,0.0347932
5147.2,0
5150,0
5152.8,0
5155.6,0
5158.4,0
5161.2,0
5164,0
5166.8,0
5169.6,0
5172.4,0
5175.2,0.00785852
5178,0.0141335
5180.8,0.0127688
5183.6,0.0100903
5186.4,0
5189.2,0
5192,0
5194.8,0
5197.6,0
5200.4,0
5203.2,0
5206,0
5208.8,0
5211.6,0
5214.4,0
5217.2,0
5220,0
5222.8,0
5225.6,0
5228.4,0
5231.2,0
5234,0
5236.8,0.0760777
5239.6,0.00693153
5242.4,0
5245.2,0
5248,0
5250.8,0
5253.6,0
5256.4,0.00056818
5259.2,0.0388383
5262,0.355781
5264.8,0.198074
5267.6,0.0668341
5270.4,1.52275
5273.2,0.888856
5276,0.0015625
5278.8,0.483201
5281.6,2.06779
5284.4,0.478346
5287.2,0.00024631
5290,0
5292.8,0.0927011
5295.6,0.00047273
5298.4,0
5301.2,0
5304,0
5306.8,0.00302727
5309.6,1.06005
5312.4,0.0916098
5315.2,0.284734
5318,2.28776
5320.8,0.425881
5323.6,0.134608
5326.4,1.86428
5329.2,2.51077
5332,0.66447
5334.8,0.00334205
5337.6,0
5340.4,0
5343.2,1.70E-06
5346,0.0736961
5348.8,0.00602785
5351.6,0
5354.4,0
5357.2,0.276814
5360,0.487324
5362.8,0.165353
5365.6,1.66814
5368.4,0.188238
5371.2,0.0279048
5374,0.709475
5376.8,0
5379.6,0
5382.4,0
5385.2,0
5388,0
5390.8,0
5393.6,0
5396.4,0
5399.2,0
5402,0
5404.8,0
5407.6,0.0273522
5410.4,0.00714772
5413.2,0
5416,0
5418.8,0
5421.6,0.00081818
5424.4,1.03048
5427.2,0.229915
5430,0.0383097
5432.8,1.44068
5435.6,1.73619
5438.4,0.0131648
5441.2,0.793919
5444,0.565975
5446.8,0
5449.6,0
5452.4,0
5455.2,0.0446477
5458,0.0259553
5460.8,0
5463.6,0.103682
5466.4,1.75524
5469.2,1.28265
5472,0.212398
5474.8,0.267676
5477.6,2.23853
5480.4,1.23016
5483.2,0.801344
5486,2.34939
5488.8,0.830661
5491.6,0
5494.4,0
5497.2,0.0134631
5500,0.0194602
5502.8,0
5505.6,0
5508.4,0
5511.2,0.433466
5514,1.80276
5516.8,0.178044
5519.6,1.39974
5522.4,0.403921
5525.2,0.0178248
5528,0
5530.8,0
5533.6,0
5536.4,0
5539.2,0
5542,0
5544.8,0
5547.6,0
5550.4,0.0392443
5553.2,0.16922
5556,0.830418
5558.8,0.0553295
5561.6,0
5564.4,0
5567.2,0
5570,0
5572.8,0
5575.6,0
5578.4,0.029381
5581.2,0.360765
5584,0.168097
5586.8,0
5589.6,0
5592.4,0
5595.2,0
5598,0
5600.8,0.00034091
5603.6,0.791159
5606.4,0.621321
5609.2,0
5612,0
5614.8,0
5617.6,0
5620.4,0
5623.2,0
5626,0
5628.8,0
5631.6,0
5634.4,0
5637.2,0
5640,0.234987
5642.8,1.76169
5645.6,0.121502
5648.4,0.961304
5651.2,3.03177
5654,2.14744
5656.8,0.586906
5659.6,0
5662.4,0.259665
5665.2,1.06447
5668,0.0299437
5670.8,0
5673.6,0.014375
5676.4,0.0332063
5679.2,0
5682,0
5684.8,0
5687.6,0
5690.4,0
5693.2,0
5696,0
5698.8,0.251685
5701.6,0.004165
5704.4,0.19831
5707.2,0.517725
5710,0
5712.8,0
5715.6,0
5718.4,0
5721.2,0
5724,0
5726.8,0
5729.6,0
5732.4,0
5735.2,0
5738,0
5740.8,0
5743.6,0
5746.4,0
5749.2,0
5752,0
5754.8,0
5757.6,0
5760.4,0
5763.2,0
5766,0
5768.8,0.0118875
5771.6,0.0523263
5774.4,0
5777.2,0
5780,0
5782.8,0
5785.6,0
5788.4,0
5791.2,0
5794,0
5796.8,0
5799.6,0
5802.4,0
5805.2,0
5808,0
5810.8,0
5813.6,0.0223437
5816.4,0.00431125
5819.2,0
5822,0
5824.8,0
5827.6,0
5830.4,0
5833.2,0
5836,0
5838.8,0
5841.6,0
5844.4,0
5847.2,0
5850,0
5852.8,0
5855.6,0
5858.4,0
5861.2,0
5864,0
5866.8,0
5869.6,0
5872.4,0
5875.2,0
5878,0
5880.8,0
5883.6,0
5886.4,0
5889.2,0
5892,0
5894.8,0
5897.6,0
5900.4,0
5903.2,0
5906,0
5908.8,0
5911.6,0
5914.4,0
5917.2,0
5920,0
5922.8,0
5925.6,0
5928.4,0
5931.2,0
5934,0
5936.8,0
5939.6,0
5942.4,0
5945.2,0
5948,0
5950.8,0
5953.6,0
5956.4,0.0388637
5959.2,0.0398688
5962,0
5964.8,0
5967.6,0
5970.4,0
5973.2,0
5976,0
5978.8,0
5981.6,0
5984.4,0
5987.2,0
5990,0
5992.8,0
5995.6,0
5998.4,0
6001.2,0
6004,0
6006.8,0
6009.6,0
6012.4,0
6015.2,0
6018,0
6020.8,0
6023.6,0
6026.4,0
6029.2,0
6032,0
6034.8,0
6037.6,0
6040.4,0
6043.2,0
6046,0
6048.8,0
6051.6,0
6054.4,0
6057.2,0
6060,0
6062.8,0
6065.6,0
6068.4,0
6071.2,0
6074,0
6076.8,0
6079.6,0
6082.4,0.251975
6085.2,1.83282
6088,0.610981
6090.8,0
6093.6,0.505012
6096.4,0.82545
6099.2,0.00319375
6102,0
6104.8,0
6107.6,0
6110.4,0
6113.2,0
6116,0.0915625
6118.8,1.44659
6121.6,0.920349
6124.4,0.0365087
6127.2,1.23434
6130,2.94861
6132.8,0.80508
6135.6,1.74875
6138.4,0.951355
6141.2,0.019875
6144,0.174312
6146.8,0.003855
6149.6,0
6152.4,0
6155.2,0
6158,0
6160.8,0
6163.6,0.00615
6166.4,1.26496
6169.2,2.74975
6172,0.4543
6174.8,1.59978
6177.6,1.09047
6180.4,0.04403
6183.2,0.746181
6186,0.211431
6188.8,0.00168375
6191.6,9.00E-05
6194.4,0.087205
6197.2,0.00702
6200,0
6202.8,0
6205.6,0
6208.4,0
6211.2,0
6214,0
6216.8,0
6219.6,0
6222.4,0
6225.2,0
6228,0
6230.8,0.033825
6233.6,0
6236.4,0
6239.2,0
6242,0
6244.8,0
6247.6,0
6250.4,0
6253.2,0
6256,0
6258.8,0
6261.6,0
6264.4,0
6267.2,0
6270,0
6272.8,0
6275.6,0
6278.4,0
6281.2,0
6284,0.0054
6286.8,0.83923
6289.6,0.832754
6292.4,1.23833
6295.2,1.9607
6298,2.11572
6300.8,0.849899
6303.6,1.27669
6306.4,0.247285
6309.2,0.0291825
6312,0
6314.8,0
6317.6,0
6320.4,0
6323.2,0
6326,0
6328.8,0
6331.6,0
6334.4,0
6337.2,0.00324
6340,1.12875
6342.8,1.44477
6345.6,0.0950963
6348.4,0.631102
6351.2,1.1948
6354,0.0886875
6356.8,0.0261125
6359.6,0
6362.4,0
6365.2,0
6368,0
6370.8,0.0263225
6373.6,0.104553
6376.4,7.00E-05
6379.2,0
6382,0
6384.8,0
6387.6,0
6390.4,0
6393.2,0
6396,0
6398.8,0
6401.6,0
6404.4,0
6407.2,0
6410,0
6412.8,0
6415.6,0
6418.4,0
6421.2,0
6424,0
6426.8,0
6429.6,0
6432.4,0
6435.2,0
6438,0
6440.8,0
6443.6,0
6446.4,0
6449.2,0
6452,0
6454.8,0
6457.6,0
6460.4,0
6463.2,0
6466,0
6468.8,0
6471.6,0
6474.4,0
6477.2,0.5767
6480,0.613906
6482.8,0.001655
6485.6,0.909679
6488.4,1.74024
6491.2,0.680462
6494,1.45256
6496.8,0.331338
6499.6,0.00825125
6502.4,0.129231
6505.2,0.0022275
6508,0
6510.8,0
6513.6,0.03112
6516.4,0.373904
6519.2,1.91522
6522,1.99276
6524.8,1.43264
6527.6,0.821385
6530.4,1.33166
6533.2,0.814289
6536,0.0195125
6538.8,0
6541.6,0.0580137
6544.4,0.0686938
6547.2,0
6550,0
6552.8,0.0138825
6555.6,0.1508
6558.4,0
6561.2,0
6564,0
6566.8,0
6569.6,0
6572.4,0
6575.2,0
6578,0
6580.8,0
6583.6,0
6586.4,0
6589.2,0
6592,0
6594.8,0
6597.6,0
6600.4,0
6603.2,0
6606,0
6608.8,0
6611.6,0
6614.4,0
6617.2,0
6620,0
6622.8,0
6625.6,0
6628.4,0
6631.2,0
6634,0
6636.8,0
6639.6,0
6642.4,0
6645.2,0
6648,0
6650.8,0
6653.6,0
6656.4,0
6659.2,0
6662,0
6664.8,0
6667.6,0
6670.4,0
6673.2,0
6676,0
6678.8,0
6681.6,0
6684.4,0
6687.2,0
6690,0
6692.8,0
6695.6,0
6698.4,0
6701.2,0
6704,0
6706.8,0
6709.6,0
6712.4,0
6715.2,0.00015
6718,0.188313
6720.8,0.00790625
6723.6,0
6726.4,0.597812
6729.2,1.51221
6732,1.61234
6734.8,0.670274
6737.6,0.0253488
6740.4,0.00992375
6743.2,0.661014
6746,0.264556
6748.8,0.0003325
6751.6,0
6754.4,0
6757.2,0.08068
6760,0.00741875
6762.8,0
6765.6,0
6768.4,0
6771.2,0
6774,0
6776.8,0
6779.6,0
6782.4,0
6785.2,0
6788,0
6790.8,0
6793.6,0
6796.4,0
6799.2,0
6802,0
6804.8,0
6807.6,0
6810.4,0
6813.2,0
6816,0
6818.8,0
6821.6,0
6824.4,0
6827.2,0
6830,0
6832.8,0
6835.6,0
6838.4,0
6841.2,0
6844,0
6846.8,0
6849.6,0
6852.4,0
6855.2,0
6858,0
6860.8,0
6863.6,0
6866.4,0
6869.2,0
6872,0
6874.8,0
6877.6,0
6880.4,0
6883.2,0.0555787
6886,0.04695
6888.8,0
6891.6,0
6894.4,0
6897.2,0
6900,0
6902.8,0
6905.6,0.0214687
6908.4,0.403236
6911.2,0.0212963
6914,0
6916.8,0
6919.6,0
6922.4,0
6925.2,0
6928,0
6930.8,0
6933.6,0
6936.4,0
6939.2,0
6942,0
6944.8,0
6947.6,0.00193
6950.4,0.25357
6953.2,1.24077
6956,1.26504
6958.8,0.125893
6961.6,1.01648
6964.4,1.84135
6967.2,2.69181
6970,1.15554
6972.8,0.0459712
6975.6,0.04569
6978.4,0
6981.2,0.00075
6984,0.487812
6986.8,0.0143438
6989.6,0.00357125
6992.4,0.0978225
6995.2,0.000315
6998,0
7000.8,0
7003.6,0
7006.4,0
7009.2,0
7012,0
7014.8,0
7017.6,0
7020.4,0
7023.2,0
7026,0.0128938
7028.8,0.096795
7031.6,0
7034.4,0
7037.2,0.459247
7040,1.52146
7042.8,1.55023
7045.6,1.4414
7048.4,0.228073
7051.2,0.270397
7054,1.55574
7056.8,2.64794
7059.6,2.87096
7062.4,2.38873
7065.2,0.491995
7068,0.0001125
7070.8,0.09319
7073.6,0.00325875
7076.4,0
7079.2,0
7082,0
7084.8,0
7087.6,0
7090.4,0
7093.2,0
7096,0
7098.8,0
7101.6,0
7104.4,0
7107.2,0
7110,0
7112.8,0
7115.6,0
7118.4,0
7121.2,0
7124,0
7126.8,0
7129.6,0
7132.4,0
7135.2,0
7138,0
7140.8,0
7143.6,0
7146.4,0.000255
7149.2,0.0333813
7152,0
7154.8,0
7157.6,0
7160.4,0
7163.2,0
7166,0
7168.8,0
7171.6,0
7174.4,0
7177.2,0
7180,0
7182.8,0
7185.6,0
7188.4,0
7191.2,0
7194,0
7196.8,0
7199.6,0.000105
7202.4,0.198115
7205.2,0.462432
7208,1.47229
7210.8,1.53477
7213.6,0.257626
7216.4,0.000175
7219.2,0
7222,0.018925
7224.8,0.019155
7227.6,0
7230.4,0
7233.2,0
7236,0
7238.8,0
7241.6,0
7244.4,0
7247.2,0.0255275
7250,0.218181
7252.8,0
7255.6,0
7258.4,0.350174
7261.2,1.44893
7264,1.34074
7266.8,0.0332925
7269.6,0.0745237
7272.4,1.10234
7275.2,2.20407
7278,3.11306
7280.8,1.30322
7283.6,1
7286.4,1.09956
7289.2,2.12409
7292,3.04166
7294.8,1.82234
7297.6,1.30454
7300.4,0.847209
7303.2,0.50185
7306,0.305837
7308.8,0.0019775
7311.6,0
7314.4,0
7317.2,0
7320,0
7322.8,0
7325.6,0.113801
7328.4,1.81501
7331.2,1.61188
7334,0.168794
7336.8,0.0180562
7339.6,1.2618
7342.4,2.54982
7345.2,1.07774
7348,0.0728192
7350.8,0.210371
7353.6,0.18631
7356.4,0
7359.2,0
7362,0
7364.8,0
7367.6,0
7370.4,0
7373.2,0
7376,0
7378.8,0
7381.6,0
7384.4,0.468583
7387.2,1.08195
7390,0.00158537
7392.8,0.422061
7395.6,0.712324
7398.4,0.47866
7401.2,0.217407
7404,0.00983921
7406.8,0
7409.6,0
7412.4,0.00255
7415.2,0.35843
7418,0.423818
7420.8,0.0520126
7423.6,0
7426.4,0.00717315
7429.2,0.381759
7432,0.0947219
7434.8,0.00014583
7437.6,0
7440.4,0.136068
7443.2,0.0164514
7446,0
7448.8,0
7451.6,0
7454.4,0
7457.2,0
7460,0
7462.8,0
7465.6,0
7468.4,0
7471.2,0
7474,0
7476.8,0
7479.6,0.0381182
7482.4,0.140295
7485.2,0.0154402
7488,1.14722
7490.8,2.15726
7493.6,0.764917
7496.4,0.00071369
7499.2,0.3335
7502,0.577121
7504.8,0.938093
7507.6,1.1274
7510.4,0.012015
7513.2,0.00012083
7516,0.239988
7518.8,0.420682
7521.6,0.0271608
7524.4,0
7527.2,0
7530,0
7532.8,0
7535.6,0
7538.4,0
7541.2,0
7544,0
7546.8,0
7549.6,0
7552.4,0
7555.2,0.00226905
7558,1.11885
7560.8,2.62499
7563.6,0.945949
7566.4,0.0491889
7569.2,0.167512
7572,0.882693
7574.8,1.45704
7577.6,0.746906
7580.4,0.169557
7583.2,0.496596
7586,0.821545
7588.8,0.142987
7591.6,0.0006997
7594.4,0
7597.2,0
7600,0
7602.8,0
7605.6,0
7608.4,0
7611.2,0
7614,0
7616.8,0
7619.6,0
7622.4,0
7625.2,0
7628,0
7630.8,0.0129805
7633.6,0.513582
7636.4,0.878256
7639.2,0.0640976
7642,0.0322981
7644.8,0
7647.6,0
7650.4,0
7653.2,0
7656,0
7658.8,0
7661.6,0
7664.4,0
7667.2,0
7670,0
7672.8,0
7675.6,0.00698114
7678.4,0.156545
7681.2,0.00253839
7684,0.159619
7686.8,0.00241525
7689.6,0
7692.4,0
7695.2,0
7698,0
7700.8,0
7703.6,0
7706.4,0
7709.2,0
7712,0
7714.8,0
7717.6,0
7720.4,0
7723.2,0
7726,0
7728.8,0
7731.6,0
7734.4,0
7737.2,0
7740,0
7742.8,0.00122946
7745.6,0.686998
7748.4,1.81528
7751.2,2.71046
7754,1.33415
7756.8,0.0351293
7759.6,0.0328703
7762.4,0.279333
7765.2,0.0123611
7768,0.132475
7770.8,0.333407
7773.6,0.400696
7776.4,0.182543
7779.2,0
7782,0
7784.8,0
7787.6,0.00782596
7790.4,0.0605016
7793.2,0
7796,0.0676249
7798.8,0.350185
7801.6,0.0119
7804.4,0
7807.2,0.00689525
7810,0.32651
7812.8,0.140179
7815.6,0.856159
7818.4,1.79078
7821.2,0.307474
7824,0.169001
7826.8,1.35379
7829.6,1.52539
7832.4,2.45392
7835.2,2.99931
7838,2.60663
7840.8,0.227565
7843.6,0.341137
7846.4,0.470744
7849.2,0.473531
7852,0.0308312
7854.8,0
7857.6,0
7860.4,0.00110714
7863.2,0.194649
7866,0.196223
7868.8,0.00149085
7871.6,0
7874.4,0
7877.2,0
7880,0
7882.8,0.00693677
7885.6,0.241933
7888.4,0.00206546
7891.2,0
7894,0
7896.8,0.00558868
7899.6,0.305966
7902.4,0.16691
7905.2,0
7908,0
7910.8,0.00912565
7913.6,0.573891
7916.4,0.617736
7919.2,0.50391
7922,0.123943
7924.8,0
7927.6,0
7930.4,0
7933.2,0
7936,0
7938.8,0
7941.6,0
7944.4,0
7947.2,0
7950,0
7952.8,0
7955.6,0
7958.4,0
7961.2,0
7964,0
7966.8,0
7969.6,0
7972.4,0
7975.2,0
7978,0
7980.8,0
7983.6,0
7986.4,0
7989.2,0
7992,0
7994.8,0
7997.6,0
8000.4,0
8003.2,0
8006,0
8008.8,0
8011.6,0
8014.4,0
8017.2,0
8020,0
8022.8,0
8025.6,0
8028.4,0
8031.2,0
8034,0
8036.8,0
8039.6,0
8042.4,0
8045.2,0.0885899
8048,6.70E-05
8050.8,0
8053.6,0
8056.4,0
8059.2,0
8062,0
8064.8,0
8067.6,0
8070.4,0
8073.2,0
8076,0
8078.8,0.0414756
8081.6,0
8084.4,0
8087.2,0
8090,0.00054167
8092.8,0.0971973
8095.6,0.0593007
8098.4,0.109401
8101.2,0.00208752
8104,0.0775527
8106.8,0.275728
8109.6,1.42719
8112.4,2.01954
8115.2,2.93286
8118,2.28408
8120.8,0.550716
8123.6,0.142218
8126.4,0.384993
8129.2,0.468067
8132,1.43452
8134.8,0.216006
8137.6,0
8140.4,0.0202432
8143.2,0.0218366
8146,0.219969
8148.8,0.00010476
8151.6,0
8154.4,0
8157.2,0.000875
8160,0.159906
8162.8,0.00551123
8165.6,0
8168.4,0
8171.2,0.0685576
8174,0.493579
8176.8,0.49432
8179.6,0.0908637
8182.4,0.00055357
8185.2,0.202234
8188,0.423254
8190.8,0.412111
8193.6,1.5971
8196.4,0.969778
8199.2,0.00064286
8202,0.0020711
8204.8,0.243522
8207.6,0.608866
8210.4,0.216449
8213.2,0.814788
8216,0.206492
8218.8,0.010397
8221.6,0.311258
8224.4,0.0918684
8227.2,9.64E-05
8230,0
8232.8,0
8235.6,0
8238.4,0
8241.2,0.0166787
8244,0.138652
8246.8,0.153148
8249.6,0
8252.4,0
8255.2,0.151349
8258,0.201337
8260.8,0.00645208
8263.6,0
8266.4,0
8269.2,0
8272,0.240346
8274.8,0.722133
8277.6,0.112178
8280.4,0.00623857
8283.2,0.0287082
8286,0.558105
8288.8,0
8291.6,0
8294.4,0
8297.2,0.0528618
8300,0.236267
8302.8,0.0372845
8305.6,0.104437
8308.4,0.164542
8311.2,0.47691
8314,0.0828663
8316.8,0.0424185
8319.6,0.272956
8322.4,0.590268
8325.2,0.416705
8328,0.295324
8330.8,0.445492
8333.6,0.00756043
8336.4,0.0163365
8339.2,0.0492692
8342,0.0332156
8344.8,0.0325764
8347.6,0
8350.4,0
8353.2,0
8356,0.134331
8358.8,0
8361.6,0
8364.4,0.0107397
8367.2,0.126173
8370,0.182392
8372.8,1.59473
8375.6,0.46274
8378.4,0.00053691
8381.2,0.757333
8384,2.06389
8386.8,2.08052
8389.6,0.179412
8392.4,0.0200094
8395.2,0.158395
8398,2.14899
8400.8,3.47822
8403.6,0.667969
8406.4,0.00903764
8409.2,0.138774
8412,0
8414.8,0.03024
8417.6,0.00491204
8420.4,0.0279968
8423.2,0
8426,0
8428.8,0.0396608
8431.6,0.0263107
8434.4,1.331
8437.2,1.47923
8440,0.361632
8442.8,1.29707
8445.6,2.26447
8448.4,1.87368
8451.2,0.368749
8454,0.398626
8456.8,0.837144
8459.6,1.91569
8462.4,2.80508
8465.2,0.385988
8468,0
8470.8,0.30457
8473.6,0.110162
8476.4,0
8479.2,0.0289405
8482,0.109531
8484.8,0.0023965
8487.6,1.61E-05
8490.4,0.143022
8493.2,0.207278
8496,0.115718
8498.8,0.00341929
8501.6,0
8504.4,0.110064
8507.2,0.0371952
8510,0.0232
8512.8,0.350536
8515.6,0.351673
8518.4,0.0907095
8521.2,0.0397146
8524,0
8526.8,0.00074286
8529.6,0.094582
8532.4,0.39667
8535.2,0.0257884
8538,0.00974544
8540.8,0.227383
8543.6,0.106477
8546.4,0.00021768
8549.2,0.0191545
8552,0.15444
8554.8,0.0148596
8557.6,0.0836159
8560.4,0.00033661
8563.2,0.0209857
8566,0.00060714
8568.8,0
8571.6,0
8574.4,0
8577.2,0.0993447
8580,0.939671
8582.8,0.185304
8585.6,0.0494291
8588.4,0.230027
8591.2,1.17473
8594,3.01942
8596.8,1.64884
8599.6,0.241656
8602.4,0.363287
8605.2,1.76355
8608,3.07954
8610.8,0.0976261
8613.6,0.00683272
8616.4,0.0951963
8619.2,0.0866436
8622,0
8624.8,0
8627.6,0
8630.4,0.0113341
8633.2,0.0826558
8636,0
8638.8,0.141447
8641.6,0.0396255
8644.4,0.19681
8647.2,0.0595133
8650,0.237009
8652.8,0.9165
8655.6,0.216023
8658.4,0.338265
8661.2,1.3629
8664,2.4757
8666.8,3.29799
8669.6,0.887198
8672.4,0.0210664
8675.2,0.338477
8678,0.805483
8680.8,1.80101
8683.6,2.98087
8686.4,2.98643
8689.2,1.33612
8692,0.0263583
8694.8,0.429649
8697.6,0.109732
8700.4,0.0844409
8703.2,0.0324499
8706,0
8708.8,0
8711.6,0
8714.4,0.0296261
8717.2,0.0366547
8720,0.0144782
8722.8,0.121459
8725.6,0.303661
8728.4,0.15138
8731.2,0.0810591
8734,0.078493
8736.8,0.0330252
8739.6,0.417219
8742.4,0.909916
8745.2,1.33475
8748,0.200165
8750.8,0.2483
8753.6,0.160486
8756.4,0.0568519
8759.2,0.0167416
8762,0
8764.8,0.00038415
8767.6,0.083819
8770.4,7.32E-05
8773.2,0.0141465
8776,0.101846
8778.8,0.00013333
8781.6,0
8784.4,0.0675236
8787.2,0.0611704
8790,0.00025
8792.8,0
8795.6,0
8798.4,0.0210876
8801.2,0.00983929
8804,0
8806.8,0.0478852
8809.6,0.00438049
8812.4,0
8815.2,0
8818,0.0138333
8820.8,0.0192173
8823.6,0
8826.4,0.00060953
8829.2,0.224011
8832,0.00504544
8834.8,0.0400763
8837.6,0.420169
8840.4,0.207459
8843.2,0.439725
8846,0.253127
8848.8,0.12648
8851.6,0.0194946
8854.4,0.306476
8857.2,0.539956
8860,0.209466
8862.8,1.21532
8865.6,0.0615988
8868.4,0.214121
8871.2,0.364005
8874,0.383066
8876.8,0.421829
8879.6,0.275514
8882.4,0.00280815
8885.2,0.0281955
8888,0.07292
8890.8,0.0976009
8893.6,0.0329313
8896.4,0.00510301
8899.2,0
8902,0.00010714
8904.8,0.99785
8907.6,2.44927
8910.4,0.911682
8913.2,1.94132
8916,2.70106
8918.8,2.96647
8921.6,2.82728
8924.4,3.21022
8927.2,3.53664
8930,1.74252
8932.8,0.58619
8935.6,0.179731
8938.4,0.859503
8941.2,1.35989
8944,2.44268
8946.8,2.51735
8949.6,0.760918
8952.4,0.487628
8955.2,0.710601
8958,0.19986
8960.8,0.61672
8963.6,0.168894
8966.4,0.00302434
8969.2,0
8972,0
8974.8,0.0990711
8977.6,0.32318
8980.4,0.531601
8983.2,0.670657
8986,0.00204167
8988.8,0.273346
8991.6,0.524268
8994.4,0.945442
8997.2,1.1073
9000,0.0689911
9002.8,0.404579
9005.6,0.379513
9008.4,1.20399
9011.2,1.32515
9014,0.0920334
9016.8,0.286362
9019.6,0.267337
9022.4,0.165101
9025.2,0.00025
9028,0.184261
9030.8,0.287816
9033.6,0.590937
9036.4,0.324229
9039.2,0.737942
9042,0.633213
9044.8,0.0600622
9047.6,0
9050.4,0
9053.2,0
9056,0.0672268
9058.8,0.362439
9061.6,0.10693
9064.4,0.00089634
9067.2,0.160544
9070,0.00833636
9072.8,0.170839
9075.6,0.0431706
9078.4,0.169908
9081.2,0.0703871
9084,0
9086.8,0.0179745
9089.6,0.0469082
9092.4,0
9095.2,0.348179
9098,0.0909985
9100.8,0
9103.6,0
9106.4,0
9109.2,0.0641282
9112,0
9114.8,0
9117.6,0.0229843
9120.4,0.219668
9123.2,0.225251
9126,0.835609
9128.8,0.259832
9131.6,0.168857
9134.4,0.1597
9137.2,0.00019554
9140,0.0493921
9142.8,0.0605198
9145.6,0.453652
9148.4,0.745151
9151.2,0.553603
9154,0.00199554
9156.8,0
9159.6,0.00838224
9162.4,0.372155
9165.2,0.112932
9168,0.617529
9170.8,0.0793696
9173.6,0.0456049
9176.4,0.113718
9179.2,0.12456
9182,0.218664
9184.8,0.0210446
9187.6,0.138219
9190.4,1.24717
9193.2,0.862217
9196,0.0132589
9198.8,0.0999598
9201.6,0.611233
9204.4,1.51672
9207.2,2.78699
9210,1.21375
9212.8,0.101309
9215.6,0.298644
9218.4,0.399015
9221.2,1.38681
9224,1.21206
9226.8,0.098361
9229.6,0.00029634
9232.4,0.0300745
9235.2,0.12682
9238,0.0415591
9240.8,0.00269329
9243.6,0.6853
9246.4,2.1471
9249.2,0.516931
9252,0.59681
9254.8,1.76585
9257.6,2.48117
9260.4,2.25373
9263.2,0.210481
9266,0.0257292
9268.8,1.17032
9271.6,2.23379
9274.4,2.29701
9277.2,1.9828
9280,0.0350236
9282.8,0.480797
9285.6,1.3751
9288.4,1.50411
9291.2,1.09856
9294,0.0111741
9296.8,0.0769489
9299.6,0.0349683
9302.4,0.157246
9305.2,0.00058929
9308,0
9310.8,0.528971
9313.6,1.3975
9316.4,0.0456919
9319.2,0.482465
9322,1.17396
9324.8,0.811856
9327.6,0.954118
9330.4,0.0301081
9333.2,0.0104445
9336,0.328951
9338.8,0.168289
9341.6,0.00661696
9344.4,0.0393434
9347.2,0.125731
9350,0.154415
9352.8,0.200995
9355.6,2.38E-05
9358.4,0.0758888
9361.2,0.480596
9364,0.015506
9366.8,0
9369.6,0
9372.4,0.268401
9375.2,0.590463
9378,0.207778
9380.8,0.439907
9383.6,0.121662
9386.4,0.00122887
9389.2,0
9392,0
9394.8,0.0467637
9397.6,0.0178044
9400.4,0.0375727
9403.2,0.228686
9406,0.958074
9408.8,0.234071
9411.6,0.0425501
9414.4,0.00306608
9417.2,0.654107
9420,1.83668
9422.8,2.55106
9425.6,0.842207
9428.4,0.0046369
9431.2,0.553698
9434,1.82454
9436.8,1.79265
9439.6,1.65302
9442.4,2.15832
9445.2,0.312237
9448,0.0720714
9450.8,0.972244
9453.6,1.14517
9456.4,0.00407143
9459.2,0.00867898
9462,0.247588
9464.8,0.324166
9467.6,0.158411
9470.4,0.00263525
9473.2,0.890479
9476,2.42187
9478.8,0.656185
9481.6,1.21139
9484.4,1.50077
9487.2,1.86829
9490,2.14128
9492.8,2.87505
9495.6,2.64934
9498.4,0.0237321
9501.2,0.18173
9504,0.413208
9506.8,1.38432
9509.6,2.27367
9512.4,3.18692
9515.2,0.785738
9518,0.185871
9520.8,1.10057
9523.6,1.56899
9526.4,1.63056
9529.2,0
9532,0.0142241
9534.8,0.015828
9537.6,0.337217
9540.4,2.65728
9543.2,1.45814
9546,0.011154
9548.8,0.535441
9551.6,1.48704
9554.4,2.57557
9557.2,1.65053
9560,0.820726
9562.8,1.5
9565.6,1.68597
9568.4,0.856031
9571.2,1.41167
9574,0.192666
9576.8,1.12095
9579.6,0.574077
9582.4,0.112589
9585.2,0.00212234
9588,0.00242262
9590.8,0.123248
9593.6,0.286342
9596.4,0.30407
9599.2,0.672196
9602,0.233854
9604.8,1.31186
9607.6,0.201664
9610.4,0.359534
9613.2,0.994882
9616,1
9618.8,1.1854
9621.6,0.309974
9624.4,0
9627.2,0
9630,0.0279512
9632.8,0.00454599
9635.6,0
9638.4,0.00025119
9641.2,0.0720791
9644,0.766744
9646.8,2.39798
9649.6,0.986891
9652.4,1.33813
9655.2,2.28958
9658,3.2748
9660.8,0.964453
9663.6,1.83006
9666.4,2.09593
9669.2,2.68938
9672,3.50243
9674.8,0.9087
9677.6,1.63856
9680.4,0.705099
9683.2,1.92952
9686,1.09903
9688.8,0.00022195
9691.6,0
9694.4,0.30856
9697.2,0.578778
9700,2.09884
9702.8,1.37294
9705.6,1.16511
9708.4,1.91844
9711.2,2.84264
9714,3.51005
9716.8,0.421805
9719.6,1.77902
9722.4,2.78619
9725.2,2.74479
9728,3.55826
9730.8,2.01912
9733.6,0.897429
9736.4,0.0616076
9739.2,0.494279
9742,1.4011
9744.8,1.61791
9747.6,0.00456098
9750.4,0
9753.2,0.0817556
9756,0
9758.8,0
9761.6,0.408505
9764.4,2.02928
9767.2,2.90727
9770,1.63806
9772.8,1.52356
9775.6,2.43572
9778.4,2.97938
9781.2,3.59709
9784,2.02225
9786.8,0.985516
9789.6,1.25349
9792.4,2.21969
9795.2,1.46464
9798,0
9800.8,0
9803.6,0.00710795
9806.4,0.203785
9809.2,0.00094091
9812,0
9814.8,0
9817.6,0
9820.4,0.181697
9823.2,0.0751133
9826,0.00527273
9828.8,0.370158
9831.6,0.630575
9834.4,2.51204
9837.2,0.0808084
9840,1.16615
9842.8,2
9845.6,0.943456
9848.4,0.691763
9851.2,0.0128864
9854,0
9856.8,0
9859.6,0
9862.4,0.00908182
9865.2,0.849825
9868,0.294198
9870.8,0.122336
9873.6,2.07969
9876.4,1.22297
9879.2,0.0964811
9882,1.14555
9884.8,1.60499
9887.6,1.94343
9890.4,0.258574
9893.2,0.145783
9896,0.841204
9898.8,1.44978
9901.6,1.69079
9904.4,1.26869
9907.2,0.286002
9910,0.0449603
9912.8,8.86E-05
9915.6,0.0588997
9918.4,0.240912
9921.2,0.299041
9924,2.50303
9926.8,3.17437
9929.6,0.0620849
9932.4,1.37797
9935.2,2.43895
9938,0.817352
9940.8,0.0761528
9943.6,1.43108
9946.4,2.63403
9949.2,2.92684
9952,1.85035
9954.8,0.131791
9957.6,1.46036
9960.4,1.87866
9963.2,0.438437
9966,0
9968.8,0.00117273
9971.6,0.196812
9974.4,0.354014
9977.2,2.05599
9980,2.69375
9982.8,0.297522
9985.6,1.11336
9988.4,1.84687
9991.2,2.54825
9994,2.94342
9996.8,0.466708
9999.6,0.0872207
10002.4,1.33117
10005.2,2.32726
10008,2.25819
10010.8,0.754266
10013.6,0
10016.4,0
10019.2,0.112311
10022,1.02251
10024.8,0.5846
10027.6,0
10030.4,0
10033.2,0
10036,0
10038.8,0.0990426
10041.6,0.784029
10044.4,0.00175568
10047.2,0.0774441
10050,0.00429546
10052.8,1.70383
10055.6,1.4275
10058.4,0.180212
10061.2,0.87735
10064,1.39763
10066.8,0.299237
10069.6,0.107926
10072.4,0.713149
10075.2,0.265648
10078,0.251597
10080.8,0.260627
10083.6,0.0596591
10086.4,0.161443
10089.2,0.826537
10092,0.0561946
10094.8,1.35714
10097.6,0.536451
10100.4,0.284093
10103.2,1.47545
10106,1.73384
10108.8,1.87024
10111.6,1.31282
10114.4,0.570048
10117.2,1.4699
10120,0.33666
10122.8,0.0542181
10125.6,0
10128.4,0
10131.2,0
10134,0
10136.8,0.266291
10139.6,1.82027
10142.4,2.65275
10145.2,1.77318
10148,0.492943
10150.8,1.91136
10153.6,2.00414
10156.4,2.62701
10159.2,3.02675
10162,2.20465
10164.8,0.230643
10167.6,1.38316
10170.4,1.83528
10173.2,2.74982
10176,2.24742
10178.8,0.669713
10181.6,1.35444
10184.4,0.76377
10187.2,0
10190,0.823154
10192.8,0.439801
10195.6,0
10198.4,0.0838182
10201.2,2.11371
10204,1.95193
10206.8,0.531532
10209.6,1.08058
10212.4,1.1461
10215.2,2.62178
10218,3.29551
10220.8,1.54608
10223.6,0.953616
10226.4,1.98455
10229.2,2.2569
10232,2.75863
10234.8,3.13671
10237.6,0.214015
10240.4,0
10243.2,0.292273
10246,1.98182
10248.8,2.00785
10251.6,2.33588
10254.4,0.986752
10257.2,0.019034
10260,0.539394
10262.8,1.85886
10265.6,1.43353
10268.4,0.404785
10271.2,0
10274,0
10276.8,0.433076
10279.6,1.01169
10282.4,0.409474
10285.2,0.197178
10288,0.208382
10290.8,0.273911
10293.6,0.475642
10296.4,2.23229
10299.2,2.51029
10302,0.0687443
10304.8,0.3019
10307.6,1.30526
10310.4,2.38689
10313.2,1.6716
10316,0.113399
10318.8,0.194996
10321.6,1.33358
10324.4,1.34674
10327.2,0.161183
10330,0.0109972
10332.8,0.0425702
10335.6,0.59795
10338.4,0.479572
10341.2,0.0400681
10344,0
10346.8,0.00205227
10349.6,0.647585
10352.4,1.33913
10355.2,0.958366
10358,0.0882529
10360.8,0.279255
10363.6,0.758445
10366.4,0.0074983
10369.2,0.0729442
10372,0.0899765
10374.8,0.00010227
10377.6,0.00193777
10380.4,0.883365
10383.2,0.0156858
10386,0.820366
10388.8,1.81127
10391.6,2.45691
10394.4,1.67382
10397.2,0.60817
10400,1.82477
10402.8,2
10405.6,2.26207
10408.4,2.79282
10411.2,2.69608
10414,0.0617045
10416.8,0.287298
10419.6,0.744392
10422.4,1.59564
10425.2,0.883173
10428,0
10430.8,0.0678864
10433.6,0.0672812
10436.4,0
10439.2,0.190359
10442,1.59113
10444.8,2.63012
10447.6,0.327752
10450.4,1.73142
10453.2,2.48117
10456,2.9528
10458.8,3.01672
10461.6,3.16784
10464.4,0.225926
10467.2,2.03524
10470,2.6724
10472.8,3.0527
10475.6,3.4111
10478.4,2.0235
10481.2,0
10484,0.00954544
10486.8,1.42422
10489.6,0.051324
10492.4,0.0247805
10495.2,0
10498,0.00366667
10500.8,0.031281
10503.6,0
10506.4,0.00045455
10509.2,1.47611
10512,0.734717
10514.8,1.84305
10517.6,1.44379
10520.4,2.54285
10523.2,3.19676
10526,0.847924
10528.8,0.81489
10531.6,2.15284
10534.4,2.79241
10537.2,2.82811
10540,0.0218182
10542.8,0.0261307
10545.6,0.635272
10548.4,0.0127613
10551.2,0
10554,0
10556.8,0.15392
10559.6,0.00572725
10562.4,0.0301909
10565.2,0.276442
10568,0
10570.8,0
10573.6,0
10576.4,0
10579.2,0.110932
10582,0.88331
10584.8,1.33071
10587.6,0.0196818
10590.4,0.00398068
10593.2,0.159839
10596,0
10598.8,1.17877
10601.6,1.32646
10604.4,0.959406
10607.2,1.95926
10610,2.81303
10612.8,2.55664
10615.6,1.04068
10618.4,2.26807
10621.2,2.49557
10624,2.86324
10626.8,3.0714
10629.6,0.307498
10632.4,0.686116
10635.2,0.460981
10638,1.94343
10640.8,1.15243
10643.6,0.290894
10646.4,1.93226
10649.2,2
10652,2
10654.8,1.1567
10657.6,0.0838069
10660.4,2.13736
10663.2,2.81334
10666,0.444027
10668.8,0.595296
10671.6,0.69735
10674.4,2.20978
10677.2,3.5628
10680,0.2621
10682.8,1.04676
10685.6,1.93939
10688.4,2.07765
10691.2,2.86166
10694,2.81339
10696.8,3.62869
10699.6,2
10702.4,2.04646
10705.2,2.23707
10708,2.226
10710.8,2.72877
10713.6,1.25691
10716.4,0.0481727
10719.2,0.202441
10722,0.257214
10724.8,0.0934957
10727.6,0.0605886
10730.4,1.41393
10733.2,2.33571
10736,2.83509
10738.8,2.01511
10741.6,0.540059
10744.4,1.82034
10747.2,2.31073
10750,2.49868
10752.8,2.70494
10755.6,0.882668
10758.4,1.78923
10761.2,2.57975
10764,2.50784
10766.8,3.20521
10769.6,0.560842
10772.4,0.750451
10775.2,1.525
10778,1.44694
10780.8,1.05357
10783.6,0.00010568
10786.4,0
10789.2,0
10792,0
10794.8,0.235985
10797.6,1.6894
10800.4,2.33524
10803.2,1.00413
10806,0.0612556
10808.8,0.1097
10811.6,2.30427
10814.4,1.36137
10817.2,0.0159659
10820,0.930562
10822.8,0.547261
10825.6,0.0106159
10828.4,0.621067
10831.2,0.621306
10834,0.123663
10836.8,1.58208
10839.6,2.03132
10842.4,0.768922
10845.2,0
10848,0.00887219
10850.8,1.80158
10853.6,2.5647
10856.4,0.122295
10859.2,0.202221
10862,1.17258
10864.8,2.0104
10867.6,2.47915
10870.4,0.348957
10873.2,0.0644522
10876,1.43444
10878.8,1.49942
10881.6,0.748871
10884.4,0
10887.2,0
10890,0.0387046
10892.8,1.86588
10895.6,1.70465
10898.4,1.34016
10901.2,2.0102
10904,2.30342
10906.8,2.25892
10909.6,0.396768
10912.4,1.9734
10915.2,2.45152
10918,2.84409
10920.8,2.778
10923.6,0.847625
10926.4,1.00875
10929.2,2.2656
10932,2.48254
10934.8,2.40387
10937.6,1.37052
10940.4,0.204501
10943.2,0.639289
10946,0.497543
10948.8,0.00204546
10951.6,0.0376364
10954.4,0.659199
10957.2,2.33748
10960,2.67265
10962.8,0.965004
10965.6,1.51616
10968.4,2.293
10971.2,2.89787
10974,3.87991
10976.8,0.943644
10979.6,2.43722
10982.4,2.94942
10985.2,3.17385
10988,3.08359
10990.8,0.029025
10993.6,0.201115
10996.4,1.9854
10999.2,0.0940909
11002,0
11004.8,0
11007.6,0
11010.4,0
11013.2,0
11016,0.815249
11018.8,0.0140914
11021.6,1.62554
11024.4,1.08142
11027.2,0.146572
11030,1.84665
11032.8,1.63824
11035.6,0.497219
11038.4,1.30353
11041.2,0.156307
11044,0.441702
11046.8,0.172589
11049.6,0.002375
11052.4,0
11055.2,0
11058,0.270028
11060.8,0.0025
11063.6,0
11066.4,0
11069.2,0.227478
11072,1.73124
11074.8,0.276624
11077.6,0.0154868
11080.4,0.0393353
11083.2,1.47779
11086,3.43873
11088.8,0.235267
11091.6,0.866925
11094.4,2.68063
11097.2,1.32448
11100,0.288814
11102.8,1.79384
11105.6,0.207471
11108.4,0.0908591
11111.2,1.37574
11114,0.735051
11116.8,0.585742
11119.6,2.00032
11122.4,2.8134
11125.2,0.276343
11128,2.40029
11130.8,2.80373
11133.6,3.04912
11136.4,3.58793
11139.2,0.531315
11142,2.46324
11144.8,2.50472
11147.6,3.22973
11150.4,2.02153
11153.2,0
11156,1.01983
11158.8,0.665874
11161.6,0.0133977
11164.4,0.499292
11167.2,0.0431389
11170,1.76285
11172.8,0.760438
11175.6,2.35248
11178.4,1.54672
11181.2,1.22301
11184,0.0149673
11186.8,0.479505
11189.6,0.178552
11192.4,0.169471
11195.2,0.124257
11198,1.19171
11200.8,0.465974
11203.6,0.646001
11206.4,0.0395853
11209.2,0.00570455
11212,0.176083
11214.8,0.0102858
11217.6,0.692265
11220.4,0.598419
11223.2,3.19163
11226,1.63578
11228.8,2.29141
11231.6,3.06698
11234.4,4.4482
11237.2,0.667561
11240,2.07919
11242.8,0.899522
11245.6,2.35919
11248.4,0.137591
11251.2,2.04215
11254,4.07826
11256.8,1.99158
11259.6,1.84978
11262.4,0.981038
11265.2,2.0463
11268,3.27472
11270.8,4.25596
11273.6,1.1132
11276.4,1.65599
11279.2,2.3669
11282,1.24415
11284.8,2.62017
11287.6,3.51826
11290.4,1.42294
11293.2,1.38838
11296,3.6828
11298.8,0.638936
11301.6,2.14163
11304.4,3.49526
11307.2,4.89986
11310,0.908859
11312.8,2.18941
11315.6,2.81298
11318.4,0.0781767
11321.2,0
11324,0.343418
11326.8,1.24539
11329.6,0.965032
11332.4,2.50412
11335.2,0.506232
11338,1.50624
11340.8,0.0599439
11343.6,0
11346.4,0
11349.2,0.810828
11352,0.231602
11354.8,2.18171
11357.6,1.65621
11360.4,0.0636052
11363.2,1.10833
11366,2.42763
11368.8,0.063233
11371.6,0.0380418
11374.4,0.923678
11377.2,2.34514
11380,1.35758
11382.8,1.49859
11385.6,3.91642
11388.4,1.5431
11391.2,1.5
11394,1.44691
11396.8,1.60208
11399.6,1.87571
11402.4,2.69402
11405.2,0.135708
11408,0.198154
11410.8,0.876067
11413.6,0.145323
11416.4,0.606364
11419.2,1.03142
11422,0.171687
11424.8,0.237212
11427.6,0.724207
11430.4,0.952794
11433.2,0.570375
11436,1.81873
11438.8,1.60642
11441.6,2.14395
11444.4,3.36366
11447.2,3.76922
11450,0.786863
11452.8,1.12213
11455.6,2.06265
11458.4,2.5397
11461.2,1.54717
11464,0.5
11466.8,0.680739
11469.6,1.19404
11472.4,2.28309
11475.2,0.598069
11478,0.75984
11480.8,1.2552
11483.6,2.07569
11486.4,0.115919
11489.2,1.20704
11492,2.02308
11494.8,0.0837475
11497.6,0.317014
11500.4,1.77914
11503.2,2.2672
11506,0.441684
11508.8,1.61896
11511.6,3.218
11514.4,1.05086
11517.2,1.54661
11520,1.22035
11522.8,0.575657
11525.6,0.499372
11528.4,0.411547
11531.2,0.270721
11534,0.384482
11536.8,0.788351
11539.6,0.846849
11542.4,0.611466
11545.2,0.5
11548,0.5
11550.8,0.516787
11553.6,0.696812
11556.4,0.957951
11559.2,1.98907
11562,2.42208
11564.8,3.42919
11567.6,1.09912
11570.4,0.775791
11573.2,0.75
11576,0.800631
11578.8,0.994602
11581.6,0.972404
11584.4,0.701879
11587.2,0.270628
11590,0.345421
11592.8,0.258783
11595.6,0.25
11598.4,0.25
11601.2,0.253878
11604,0.419531
11606.8,1.07451
11609.6,0.42571
11612.4,0.786669
11615.2,0.291045
11618,0.622805
11620.8,0.999202
11623.6,1
11626.4,1
11629.2,1
11632,1
11634.8,1.22277
11637.6,4.4095
11640.4,1.34405
11643.2,0.369531
11646,0.5
11648.8,0.458737
11651.6,0.421558
11654.4,0.44902
11657.2,0.631121
11660,0.65179
11662.8,0.75
11665.6,0.567122
11668.4,0.312626
11671.2,0.713915
11674,1.01428
11676.8,1.54872
11679.6,1.96036
11682.4,1.17338
11685.2,0.424424
11688,0.812159
11690.8,0.775313
11693.6,0.331246
11696.4,0.25547
11699.2,0.438065
11702,0.499787
11704.8,0.494851
11707.6,0.800662
11710.4,0.755724
11713.2,2.00662
11716,2.39261
11718.8,3.04058
11721.6,2.43776
11724.4,0.347851
11727.2,1.75825
11730,0.569091
11732.8,0.147419
11735.6,0.134235
11738.4,1.00919
11741.2,0.432611
11744,0.376385
11746.8,0.409475
11749.6,0.25717
11752.4,1.83027
11755.2,0.813102
11758,0.479148
11760.8,1.09672
11763.6,0.841322
11766.4,0.49923
11769.2,0.286034
11772,0.318747
11774.8,0.111554
11777.6,0.358729
11780.4,0.355979
11783.2,0.259365
11786,0.435153
11788.8,0.715751
11791.6,0.75
11794.4,0.561536
11797.2,0.25
11800,0.30223
11802.8,0.554646
11805.6,1.02963
11808.4,2.56502
11811.2,2.07012
11814,0.028575
11816.8,0
11819.6,0.157191
11822.4,0.262073
11825.2,0.476187
11828,0.200023
11830.8,0.229065
11833.6,0.398856
11836.4,0.479809
11839.2,1.2739
11842,2.65268
11844.8,3.85952
11847.6,4.23422
11850.4,2.15812
11853.2,0.284886
11856,2.36358
11858.8,2.82392
11861.6,1.24215
11864.4,0.94029
11867.2,0.751995
11870,1.58552
11872.8,1.31049
11875.6,2.76236
11878.4,1.68495
11881.2,0.708984
11884,0.510653
11886.8,0.5
11889.6,0.542725
11892.4,0.825875
11895.2,1.10336
11898,0.809381
11900.8,0.486857
11903.6,0.330207
11906.4,0.478006
11909.2,0.5
11912,0.363329
11914.8,0.250075
11917.6,0.347682
11920.4,0.260088
11923.2,0.38778
11926,0.384019
11928.8,0.300071
11931.6,0.450369
11934.4,0.556752
11937.2,0.99683
11940,1.04813
11942.8,0.710195
11945.6,0.25
11948.4,0.283314
11951.2,0.300408
11954,0.367257
11956.8,0.379635
11959.6,0.98718
11962.4,1.63803
11965.2,1.88572
11968,1.592
11970.8,1.72849
11973.6,1.10465
11976.4,0.0817423
11979.2,0
